,CODE
0,201000
1,201001
2,201002
3,201003
4,201004
5,201005
6,201008
7,201009
8,201010
9,202001
10,202003
11,202007
12,203007
13,203008
14,203009
15,203016
16,203017
17,203018
18,203019
19,203020
20,203021
21,203031
22,203032
23,203033
24,203040
25,203041
26,203042
27,203043
28,203044
29,203045
30,203049
31,203050
32,203051
33,203052
34,203053
35,203054
36,204001
37,204002
38,204003
39,204004
40,204007
41,204014
42,204028
43,204091
44,204182
45,500001
46,500002
47,500003
48,500005
49,500006
50,500007
51,500008
52,500009
53,500010
54,500011
55,500013
56,500015
57,500016
58,500017
59,500018
60,500019
61,500021
62,500025
63,500028
64,500029
65,500035
66,500038
67,500039
68,500056
69,500058
70,501000
71,501001
72,501002
73,501003
74,501005
75,501007
76,501008
77,501009
78,501010
79,501011
80,501012
81,501015
82,501016
83,501017
84,501018
85,501019
86,501020
87,501021
88,501022
89,501023
90,501025
91,501026
92,501027
93,501028
94,501029
95,501030
96,501031
97,501032
98,501035
99,501036
100,501037
101,501038
102,501039
103,501040
104,501043
105,501045
106,501046
107,501047
108,501048
109,501049
110,501050
111,501051
112,501057
113,501058
114,501059
115,501106
116,501300
117,501301
118,501302
119,501303
120,501305
121,501306
122,501307
123,502000
124,502001
125,502002
126,502003
127,502004
128,502005
129,502006
130,502007
131,502008
132,502010
133,502011
134,502012
135,502013
136,502014
137,502015
138,502016
139,502017
140,502018
141,502020
142,502021
143,502022
144,502023
145,502024
146,502025
147,502026
148,502027
149,502028
150,502031
151,502032
152,502036
153,502037
154,502038
155,502040
156,502041
157,502042
158,502048
159,502049
160,502050
161,502053
162,502054
163,502055
164,502056
165,502057
166,502058
167,505888
168,510010
169,510020
170,510030
171,510050
172,510060
173,510070
174,510090
175,510110
176,510120
177,510130
178,510150
179,510160
180,510170
181,510180
182,510190
183,510210
184,510220
185,510230
186,510260
187,510270
188,510280
189,510290
190,510300
191,510310
192,510330
193,510360
194,510380
195,510390
196,510410
197,510420
198,510430
199,510440
200,510450
201,510500
202,510510
203,510520
204,510560
205,510580
206,510590
207,510610
208,510620
209,510630
210,510650
211,510660
212,510680
213,510700
214,510710
215,510800
216,510810
217,510880
218,510900
219,511010
220,511210
221,511220
222,511230
223,511260
224,511280
225,511290
226,511310
227,511600
228,511620
229,511650
230,511660
231,511670
232,511680
233,511690
234,511700
235,511760
236,511770
237,511800
238,511810
239,511820
240,511830
241,511850
242,511860
243,511880
244,511890
245,511900
246,511910
247,511920
248,511930
249,511950
250,511960
251,511970
252,511980
253,511990
254,512000
255,512010
256,512070
257,512090
258,512100
259,512110
260,512120
261,512160
262,512180
263,512200
264,512210
265,512220
266,512230
267,512280
268,512300
269,512310
270,512330
271,512340
272,512360
273,512390
274,512400
275,512500
276,512510
277,512520
278,512550
279,512560
280,512570
281,512580
282,512600
283,512610
284,512640
285,512660
286,512680
287,512700
288,512770
289,512780
290,512800
291,512810
292,512880
293,512900
294,512980
295,512990
296,513030
297,513050
298,513100
299,513500
300,513600
301,513660
302,513900
303,518800
304,518880
305,580012
306,580013
307,580014
308,580016
309,580017
310,580019
311,580020
312,580021
313,580022
314,580023
315,580024
316,580025
317,580026
318,580027
319,600000
320,600001
321,600002
322,600003
323,600004
324,600005
325,600006
326,600007
327,600008
328,600009
329,600010
330,600011
331,600012
332,600015
333,600016
334,600017
335,600018
336,600019
337,600020
338,600021
339,600022
340,600023
341,600025
342,600026
343,600027
344,600028
345,600029
346,600030
347,600031
348,600033
349,600035
350,600036
351,600037
352,600038
353,600039
354,600048
355,600050
356,600051
357,600052
358,600053
359,600054
360,600055
361,600056
362,600057
363,600058
364,600059
365,600060
366,600061
367,600062
368,600063
369,600064
370,600065
371,600066
372,600067
373,600068
374,600069
375,600070
376,600071
377,600072
378,600073
379,600074
380,600075
381,600076
382,600077
383,600078
384,600079
385,600080
386,600081
387,600082
388,600083
389,600084
390,600085
391,600086
392,600087
393,600088
394,600089
395,600090
396,600091
397,600092
398,600093
399,600094
400,600095
401,600096
402,600097
403,600098
404,600099
405,600100
406,600101
407,600102
408,600103
409,600104
410,600105
411,600106
412,600107
413,600108
414,600109
415,600110
416,600111
417,600112
418,600113
419,600114
420,600115
421,600116
422,600117
423,600118
424,600119
425,600120
426,600121
427,600122
428,600123
429,600125
430,600126
431,600127
432,600128
433,600129
434,600130
435,600131
436,600132
437,600133
438,600135
439,600136
440,600137
441,600138
442,600139
443,600141
444,600143
445,600145
446,600146
447,600148
448,600149
449,600150
450,600151
451,600152
452,600153
453,600155
454,600156
455,600157
456,600158
457,600159
458,600160
459,600161
460,600162
461,600163
462,600165
463,600166
464,600167
465,600168
466,600169
467,600170
468,600171
469,600172
470,600173
471,600175
472,600176
473,600177
474,600178
475,600179
476,600180
477,600181
478,600182
479,600183
480,600184
481,600185
482,600186
483,600187
484,600188
485,600189
486,600190
487,600191
488,600192
489,600193
490,600195
491,600196
492,600197
493,600198
494,600199
495,600200
496,600201
497,600202
498,600203
499,600205
500,600206
501,600207
502,600208
503,600209
504,600210
505,600211
506,600212
507,600213
508,600215
509,600216
510,600217
511,600218
512,600219
513,600220
514,600221
515,600222
516,600223
517,600225
518,600226
519,600227
520,600228
521,600229
522,600230
523,600231
524,600232
525,600233
526,600234
527,600235
528,600236
529,600237
530,600238
531,600239
532,600240
533,600241
534,600242
535,600243
536,600246
537,600247
538,600248
539,600249
540,600250
541,600251
542,600252
543,600253
544,600255
545,600256
546,600257
547,600258
548,600259
549,600260
550,600261
551,600262
552,600263
553,600265
554,600266
555,600267
556,600268
557,600269
558,600270
559,600271
560,600272
561,600273
562,600275
563,600276
564,600277
565,600278
566,600279
567,600280
568,600281
569,600282
570,600283
571,600284
572,600285
573,600286
574,600287
575,600288
576,600289
577,600290
578,600291
579,600292
580,600293
581,600295
582,600296
583,600297
584,600298
585,600299
586,600300
587,600301
588,600302
589,600303
590,600305
591,600306
592,600307
593,600308
594,600309
595,600310
596,600311
597,600312
598,600313
599,600315
600,600316
601,600317
602,600318
603,600319
604,600320
605,600321
606,600322
607,600323
608,600325
609,600326
610,600327
611,600328
612,600329
613,600330
614,600331
615,600332
616,600333
617,600335
618,600336
619,600337
620,600338
621,600339
622,600340
623,600343
624,600345
625,600346
626,600348
627,600349
628,600350
629,600351
630,600352
631,600353
632,600354
633,600355
634,600356
635,600357
636,600358
637,600359
638,600360
639,600361
640,600362
641,600363
642,600365
643,600366
644,600367
645,600368
646,600369
647,600370
648,600371
649,600372
650,600373
651,600375
652,600376
653,600377
654,600378
655,600379
656,600380
657,600381
658,600382
659,600383
660,600385
661,600386
662,600387
663,600388
664,600389
665,600390
666,600391
667,600392
668,600393
669,600395
670,600396
671,600397
672,600398
673,600399
674,600400
675,600401
676,600403
677,600405
678,600406
679,600408
680,600409
681,600410
682,600415
683,600416
684,600418
685,600419
686,600420
687,600421
688,600422
689,600423
690,600425
691,600426
692,600428
693,600429
694,600432
695,600433
696,600435
697,600436
698,600438
699,600439
700,600444
701,600446
702,600448
703,600449
704,600452
705,600455
706,600456
707,600458
708,600459
709,600460
710,600461
711,600462
712,600463
713,600466
714,600467
715,600468
716,600469
717,600470
718,600472
719,600475
720,600476
721,600477
722,600478
723,600479
724,600480
725,600481
726,600482
727,600483
728,600485
729,600486
730,600487
731,600488
732,600489
733,600490
734,600491
735,600493
736,600495
737,600496
738,600497
739,600498
740,600499
741,600500
742,600501
743,600502
744,600503
745,600505
746,600506
747,600507
748,600508
749,600509
750,600510
751,600511
752,600512
753,600513
754,600515
755,600516
756,600517
757,600518
758,600519
759,600520
760,600521
761,600522
762,600523
763,600525
764,600526
765,600527
766,600528
767,600529
768,600530
769,600531
770,600532
771,600533
772,600535
773,600536
774,600537
775,600538
776,600539
777,600540
778,600543
779,600545
780,600546
781,600547
782,600548
783,600549
784,600550
785,600551
786,600552
787,600553
788,600555
789,600556
790,600557
791,600558
792,600559
793,600560
794,600561
795,600562
796,600563
797,600565
798,600566
799,600567
800,600568
801,600569
802,600570
803,600571
804,600572
805,600573
806,600575
807,600576
808,600577
809,600578
810,600579
811,600580
812,600581
813,600582
814,600583
815,600584
816,600585
817,600586
818,600587
819,600588
820,600589
821,600590
822,600591
823,600592
824,600593
825,600594
826,600595
827,600596
828,600597
829,600598
830,600599
831,600600
832,600601
833,600602
834,600603
835,600604
836,600605
837,600606
838,600607
839,600608
840,600609
841,600610
842,600611
843,600612
844,600613
845,600614
846,600615
847,600616
848,600617
849,600618
850,600619
851,600620
852,600621
853,600622
854,600623
855,600624
856,600625
857,600626
858,600627
859,600628
860,600629
861,600630
862,600631
863,600632
864,600633
865,600634
866,600635
867,600636
868,600637
869,600638
870,600639
871,600640
872,600641
873,600642
874,600643
875,600644
876,600645
877,600646
878,600647
879,600648
880,600649
881,600650
882,600651
883,600652
884,600653
885,600654
886,600655
887,600656
888,600657
889,600658
890,600659
891,600660
892,600661
893,600662
894,600663
895,600664
896,600665
897,600666
898,600667
899,600668
900,600669
901,600670
902,600671
903,600672
904,600673
905,600674
906,600675
907,600676
908,600677
909,600678
910,600679
911,600680
912,600681
913,600682
914,600683
915,600684
916,600685
917,600686
918,600687
919,600688
920,600689
921,600690
922,600691
923,600692
924,600693
925,600694
926,600695
927,600696
928,600697
929,600698
930,600699
931,600700
932,600701
933,600702
934,600703
935,600704
936,600705
937,600706
938,600707
939,600708
940,600709
941,600710
942,600711
943,600712
944,600713
945,600714
946,600715
947,600716
948,600717
949,600718
950,600719
951,600720
952,600721
953,600722
954,600723
955,600724
956,600725
957,600726
958,600727
959,600728
960,600729
961,600730
962,600731
963,600732
964,600733
965,600734
966,600735
967,600736
968,600737
969,600738
970,600739
971,600740
972,600741
973,600742
974,600743
975,600744
976,600745
977,600746
978,600747
979,600748
980,600749
981,600750
982,600751
983,600752
984,600753
985,600754
986,600755
987,600756
988,600757
989,600758
990,600759
991,600760
992,600761
993,600762
994,600763
995,600764
996,600765
997,600766
998,600767
999,600768
1000,600769
1001,600770
1002,600771
1003,600772
1004,600773
1005,600774
1006,600775
1007,600776
1008,600777
1009,600778
1010,600779
1011,600780
1012,600781
1013,600782
1014,600783
1015,600784
1016,600785
1017,600786
1018,600787
1019,600788
1020,600789
1021,600790
1022,600791
1023,600792
1024,600793
1025,600794
1026,600795
1027,600796
1028,600797
1029,600798
1030,600799
1031,600800
1032,600801
1033,600802
1034,600803
1035,600804
1036,600805
1037,600806
1038,600807
1039,600808
1040,600809
1041,600810
1042,600811
1043,600812
1044,600813
1045,600814
1046,600815
1047,600816
1048,600817
1049,600818
1050,600819
1051,600820
1052,600821
1053,600822
1054,600823
1055,600824
1056,600825
1057,600826
1058,600827
1059,600828
1060,600829
1061,600830
1062,600831
1063,600832
1064,600833
1065,600834
1066,600835
1067,600836
1068,600837
1069,600838
1070,600839
1071,600840
1072,600841
1073,600842
1074,600843
1075,600844
1076,600845
1077,600846
1078,600847
1079,600848
1080,600849
1081,600850
1082,600851
1083,600852
1084,600853
1085,600854
1086,600855
1087,600856
1088,600857
1089,600858
1090,600859
1091,600860
1092,600861
1093,600862
1094,600863
1095,600864
1096,600865
1097,600866
1098,600867
1099,600868
1100,600869
1101,600870
1102,600871
1103,600872
1104,600873
1105,600874
1106,600875
1107,600876
1108,600877
1109,600878
1110,600879
1111,600880
1112,600881
1113,600882
1114,600883
1115,600884
1116,600885
1117,600886
1118,600887
1119,600888
1120,600889
1121,600890
1122,600891
1123,600892
1124,600893
1125,600894
1126,600895
1127,600896
1128,600897
1129,600898
1130,600899
1131,600900
1132,600901
1133,600903
1134,600908
1135,600909
1136,600917
1137,600919
1138,600926
1139,600929
1140,600933
1141,600936
1142,600939
1143,600958
1144,600959
1145,600960
1146,600961
1147,600962
1148,600963
1149,600965
1150,600966
1151,600967
1152,600969
1153,600970
1154,600971
1155,600973
1156,600975
1157,600976
1158,600977
1159,600978
1160,600979
1161,600980
1162,600981
1163,600982
1164,600983
1165,600984
1166,600985
1167,600986
1168,600987
1169,600988
1170,600990
1171,600991
1172,600992
1173,600993
1174,600995
1175,600996
1176,600997
1177,600998
1178,600999
1179,601000
1180,601001
1181,601002
1182,601003
1183,601005
1184,601006
1185,601007
1186,601008
1187,601009
1188,601010
1189,601011
1190,601012
1191,601015
1192,601016
1193,601018
1194,601019
1195,601020
1196,601021
1197,601028
1198,601038
1199,601058
1200,601066
1201,601068
1202,601069
1203,601086
1204,601088
1205,601098
1206,601099
1207,601100
1208,601101
1209,601106
1210,601107
1211,601108
1212,601111
1213,601113
1214,601116
1215,601117
1216,601118
1217,601126
1218,601127
1219,601128
1220,601137
1221,601138
1222,601139
1223,601155
1224,601158
1225,601163
1226,601166
1227,601168
1228,601169
1229,601177
1230,601179
1231,601186
1232,601188
1233,601198
1234,601199
1235,601200
1236,601206
1237,601208
1238,601211
1239,601212
1240,601216
1241,601218
1242,601222
1243,601225
1244,601226
1245,601228
1246,601229
1247,601231
1248,601233
1249,601238
1250,601258
1251,601268
1252,601288
1253,601299
1254,601311
1255,601313
1256,601318
1257,601326
1258,601328
1259,601330
1260,601333
1261,601336
1262,601339
1263,601360
1264,601366
1265,601368
1266,601369
1267,601375
1268,601377
1269,601388
1270,601390
1271,601398
1272,601500
1273,601515
1274,601518
1275,601519
1276,601555
1277,601558
1278,601566
1279,601567
1280,601577
1281,601579
1282,601588
1283,601595
1284,601599
1285,601600
1286,601601
1287,601606
1288,601607
1289,601608
1290,601611
1291,601616
1292,601618
1293,601619
1294,601628
1295,601633
1296,601636
1297,601666
1298,601668
1299,601669
1300,601677
1301,601678
1302,601688
1303,601689
1304,601699
1305,601700
1306,601717
1307,601718
1308,601727
1309,601766
1310,601777
1311,601788
1312,601789
1313,601798
1314,601799
1315,601800
1316,601801
1317,601808
1318,601811
1319,601818
1320,601828
1321,601838
1322,601857
1323,601858
1324,601866
1325,601869
1326,601872
1327,601877
1328,601878
1329,601880
1330,601881
1331,601882
1332,601886
1333,601888
1334,601890
1335,601898
1336,601899
1337,601900
1338,601901
1339,601908
1340,601918
1341,601919
1342,601928
1343,601929
1344,601933
1345,601939
1346,601949
1347,601952
1348,601958
1349,601965
1350,601966
1351,601968
1352,601969
1353,601985
1354,601988
1355,601989
1356,601990
1357,601991
1358,601992
1359,601996
1360,601997
1361,601998
1362,601999
1363,603000
1364,603001
1365,603002
1366,603003
1367,603005
1368,603006
1369,603007
1370,603008
1371,603009
1372,603010
1373,603011
1374,603012
1375,603013
1376,603015
1377,603016
1378,603017
1379,603018
1380,603019
1381,603020
1382,603021
1383,603022
1384,603023
1385,603025
1386,603026
1387,603027
1388,603028
1389,603029
1390,603030
1391,603031
1392,603032
1393,603033
1394,603035
1395,603036
1396,603037
1397,603038
1398,603039
1399,603040
1400,603041
1401,603042
1402,603043
1403,603045
1404,603050
1405,603055
1406,603056
1407,603058
1408,603059
1409,603060
1410,603063
1411,603066
1412,603067
1413,603069
1414,603076
1415,603077
1416,603078
1417,603079
1418,603080
1419,603081
1420,603083
1421,603085
1422,603086
1423,603088
1424,603089
1425,603090
1426,603096
1427,603098
1428,603099
1429,603100
1430,603101
1431,603103
1432,603105
1433,603106
1434,603108
1435,603110
1436,603111
1437,603113
1438,603116
1439,603117
1440,603118
1441,603123
1442,603126
1443,603127
1444,603128
1445,603129
1446,603131
1447,603133
1448,603136
1449,603138
1450,603139
1451,603156
1452,603157
1453,603158
1454,603159
1455,603160
1456,603161
1457,603165
1458,603166
1459,603167
1460,603168
1461,603169
1462,603177
1463,603178
1464,603179
1465,603180
1466,603181
1467,603183
1468,603186
1469,603188
1470,603189
1471,603192
1472,603196
1473,603197
1474,603198
1475,603199
1476,603200
1477,603203
1478,603208
1479,603214
1480,603218
1481,603222
1482,603223
1483,603225
1484,603226
1485,603227
1486,603228
1487,603229
1488,603232
1489,603233
1490,603238
1491,603239
1492,603258
1493,603259
1494,603260
1495,603266
1496,603268
1497,603269
1498,603277
1499,603278
1500,603283
1501,603286
1502,603288
1503,603289
1504,603298
1505,603299
1506,603300
1507,603301
1508,603302
1509,603303
1510,603305
1511,603306
1512,603308
1513,603309
1514,603311
1515,603313
1516,603315
1517,603316
1518,603318
1519,603319
1520,603320
1521,603321
1522,603322
1523,603323
1524,603326
1525,603328
1526,603329
1527,603330
1528,603331
1529,603333
1530,603335
1531,603336
1532,603337
1533,603338
1534,603339
1535,603345
1536,603348
1537,603355
1538,603356
1539,603357
1540,603358
1541,603359
1542,603360
1543,603363
1544,603365
1545,603366
1546,603367
1547,603368
1548,603369
1549,603377
1550,603378
1551,603380
1552,603383
1553,603385
1554,603386
1555,603387
1556,603388
1557,603389
1558,603393
1559,603396
1560,603398
1561,603399
1562,603416
1563,603421
1564,603429
1565,603444
1566,603456
1567,603458
1568,603466
1569,603477
1570,603486
1571,603488
1572,603496
1573,603499
1574,603500
1575,603501
1576,603505
1577,603506
1578,603507
1579,603508
1580,603515
1581,603516
1582,603517
1583,603518
1584,603519
1585,603520
1586,603527
1587,603528
1588,603533
1589,603535
1590,603536
1591,603538
1592,603555
1593,603556
1594,603557
1595,603558
1596,603559
1597,603566
1598,603567
1599,603568
1600,603569
1601,603577
1602,603578
1603,603579
1604,603580
1605,603583
1606,603585
1607,603586
1608,603587
1609,603588
1610,603589
1611,603590
1612,603595
1613,603596
1614,603598
1615,603599
1616,603600
1617,603601
1618,603602
1619,603603
1620,603605
1621,603606
1622,603607
1623,603608
1624,603609
1625,603611
1626,603612
1627,603615
1628,603616
1629,603617
1630,603618
1631,603619
1632,603626
1633,603628
1634,603630
1635,603633
1636,603636
1637,603637
1638,603638
1639,603639
1640,603648
1641,603650
1642,603655
1643,603656
1644,603657
1645,603658
1646,603659
1647,603660
1648,603661
1649,603663
1650,603665
1651,603666
1652,603667
1653,603668
1654,603669
1655,603676
1656,603677
1657,603678
1658,603679
1659,603680
1660,603683
1661,603685
1662,603686
1663,603688
1664,603689
1665,603690
1666,603693
1667,603696
1668,603698
1669,603699
1670,603701
1671,603703
1672,603706
1673,603707
1674,603708
1675,603709
1676,603711
1677,603712
1678,603713
1679,603716
1680,603717
1681,603718
1682,603721
1683,603722
1684,603725
1685,603726
1686,603727
1687,603728
1688,603729
1689,603730
1690,603733
1691,603737
1692,603738
1693,603757
1694,603758
1695,603766
1696,603767
1697,603768
1698,603773
1699,603776
1700,603777
1701,603778
1702,603779
1703,603787
1704,603788
1705,603789
1706,603797
1707,603798
1708,603799
1709,603800
1710,603801
1711,603803
1712,603806
1713,603808
1714,603809
1715,603811
1716,603813
1717,603816
1718,603817
1719,603818
1720,603819
1721,603822
1722,603823
1723,603825
1724,603826
1725,603828
1726,603829
1727,603833
1728,603838
1729,603839
1730,603843
1731,603848
1732,603855
1733,603856
1734,603858
1735,603859
1736,603860
1737,603861
1738,603866
1739,603868
1740,603869
1741,603871
1742,603876
1743,603877
1744,603878
1745,603879
1746,603880
1747,603881
1748,603882
1749,603883
1750,603885
1751,603886
1752,603887
1753,603888
1754,603889
1755,603890
1756,603895
1757,603896
1758,603897
1759,603898
1760,603899
1761,603900
1762,603901
1763,603903
1764,603906
1765,603908
1766,603909
1767,603912
1768,603916
1769,603917
1770,603918
1771,603919
1772,603920
1773,603922
1774,603926
1775,603928
1776,603929
1777,603933
1778,603936
1779,603937
1780,603938
1781,603939
1782,603955
1783,603958
1784,603959
1785,603960
1786,603963
1787,603966
1788,603968
1789,603969
1790,603970
1791,603976
1792,603977
1793,603978
1794,603979
1795,603980
1796,603985
1797,603986
1798,603987
1799,603988
1800,603989
1801,603990
1802,603991
1803,603993
1804,603996
1805,603997
1806,603998
1807,603999
1808,900901
1809,900902
1810,900903
1811,900904
1812,900905
1813,900906
1814,900907
1815,900908
1816,900909
1817,900910
1818,900911
1819,900912
1820,900913
1821,900914
1822,900915
1823,900916
1824,900917
1825,900918
1826,900919
1827,900920
1828,900921
1829,900922
1830,900923
1831,900924
1832,900925
1833,900926
1834,900927
1835,900928
1836,900929
1837,900930
1838,900931
1839,900932
1840,900933
1841,900934
1842,900935
1843,900936
1844,900937
1845,900938
1846,900939
1847,900940
1848,900941
1849,900942
1850,900943
1851,900945
1852,900946
1853,900947
1854,900948
1855,900949
1856,900950
1857,900951
1858,900952
1859,900953
1860,900955
1861,900956
1862,900957
1863,000001
1864,000002
1865,000003
1866,000004
1867,000005
1868,000006
1869,000007
1870,000008
1871,000009
1872,000010
1873,000011
1874,000012
1875,000013
1876,000014
1877,000015
1878,000016
1879,000017
1880,000018
1881,000019
1882,000020
1883,000021
1884,000022
1885,000023
1886,000024
1887,000025
1888,000026
1889,000027
1890,000028
1891,000029
1892,000030
1893,000031
1894,000032
1895,000033
1896,000034
1897,000035
1898,000036
1899,000037
1900,000038
1901,000039
1902,000040
1903,000042
1904,000043
1905,000045
1906,000046
1907,000047
1908,000048
1909,000049
1910,000050
1911,000055
1912,000056
1913,000058
1914,000059
1915,000060
1916,000061
1917,000062
1918,000063
1919,000065
1920,000066
1921,000068
1922,000069
1923,000070
1924,000078
1925,000088
1926,000089
1927,000090
1928,000096
1929,000099
1930,000100
1931,000150
1932,000151
1933,000153
1934,000155
1935,000156
1936,000157
1937,000158
1938,000159
1939,000166
1940,000301
1941,000333
1942,000338
1943,000400
1944,000401
1945,000402
1946,000403
1947,000404
1948,000405
1949,000406
1950,000407
1951,000408
1952,000409
1953,000410
1954,000411
1955,000412
1956,000413
1957,000415
1958,000416
1959,000417
1960,000418
1961,000419
1962,000420
1963,000421
1964,000422
1965,000423
1966,000425
1967,000426
1968,000428
1969,000429
1970,000430
1971,000488
1972,000498
1973,000501
1974,000502
1975,000503
1976,000504
1977,000505
1978,000506
1979,000507
1980,000508
1981,000509
1982,000510
1983,000511
1984,000513
1985,000514
1986,000515
1987,000516
1988,000517
1989,000518
1990,000519
1991,000520
1992,000521
1993,000522
1994,000523
1995,000524
1996,000525
1997,000526
1998,000527
1999,000528
2000,000529
2001,000530
2002,000531
2003,000532
2004,000533
2005,000534
2006,000535
2007,000536
2008,000537
2009,000538
2010,000539
2011,000540
2012,000541
2013,000542
2014,000543
2015,000544
2016,000545
2017,000546
2018,000547
2019,000548
2020,000549
2021,000550
2022,000551
2023,000552
2024,000553
2025,000554
2026,000555
2027,000556
2028,000557
2029,000558
2030,000559
2031,000560
2032,000561
2033,000562
2034,000563
2035,000564
2036,000565
2037,000566
2038,000567
2039,000568
2040,000569
2041,000570
2042,000571
2043,000572
2044,000573
2045,000576
2046,000578
2047,000581
2048,000582
2049,000583
2050,000584
2051,000585
2052,000586
2053,000587
2054,000588
2055,000589
2056,000590
2057,000591
2058,000592
2059,000593
2060,000594
2061,000595
2062,000596
2063,000597
2064,000598
2065,000599
2066,000600
2067,000601
2068,000602
2069,000603
2070,000605
2071,000606
2072,000607
2073,000608
2074,000609
2075,000610
2076,000611
2077,000612
2078,000613
2079,000615
2080,000616
2081,000617
2082,000618
2083,000619
2084,000620
2085,000621
2086,000622
2087,000623
2088,000625
2089,000626
2090,000627
2091,000628
2092,000629
2093,000630
2094,000631
2095,000632
2096,000633
2097,000635
2098,000636
2099,000637
2100,000638
2101,000639
2102,000650
2103,000651
2104,000652
2105,000653
2106,000655
2107,000656
2108,000657
2109,000658
2110,000659
2111,000660
2112,000661
2113,000662
2114,000663
2115,000665
2116,000666
2117,000667
2118,000668
2119,000669
2120,000670
2121,000671
2122,000672
2123,000673
2124,000675
2125,000676
2126,000677
2127,000678
2128,000679
2129,000680
2130,000681
2131,000682
2132,000683
2133,000685
2134,000686
2135,000687
2136,000688
2137,000689
2138,000690
2139,000691
2140,000692
2141,000693
2142,000695
2143,000697
2144,000698
2145,000699
2146,000700
2147,000701
2148,000702
2149,000703
2150,000705
2151,000707
2152,000708
2153,000709
2154,000710
2155,000711
2156,000712
2157,000713
2158,000715
2159,000716
2160,000717
2161,000718
2162,000719
2163,000720
2164,000721
2165,000722
2166,000723
2167,000725
2168,000726
2169,000727
2170,000728
2171,000729
2172,000730
2173,000731
2174,000732
2175,000733
2176,000735
2177,000736
2178,000737
2179,000738
2180,000739
2181,000748
2182,000750
2183,000751
2184,000752
2185,000753
2186,000755
2187,000756
2188,000757
2189,000758
2190,000759
2191,000760
2192,000761
2193,000762
2194,000763
2195,000765
2196,000766
2197,000767
2198,000768
2199,000769
2200,000776
2201,000777
2202,000778
2203,000779
2204,000780
2205,000782
2206,000783
2207,000785
2208,000786
2209,000787
2210,000788
2211,000789
2212,000790
2213,000791
2214,000792
2215,000793
2216,000795
2217,000796
2218,000797
2219,000798
2220,000799
2221,000800
2222,000801
2223,000802
2224,000803
2225,000805
2226,000806
2227,000807
2228,000809
2229,000810
2230,000811
2231,000812
2232,000813
2233,000815
2234,000816
2235,000817
2236,000818
2237,000819
2238,000820
2239,000821
2240,000822
2241,000823
2242,000825
2243,000826
2244,000827
2245,000828
2246,000829
2247,000830
2248,000831
2249,000832
2250,000833
2251,000835
2252,000836
2253,000837
2254,000838
2255,000839
2256,000848
2257,000850
2258,000851
2259,000852
2260,000856
2261,000858
2262,000859
2263,000860
2264,000861
2265,000862
2266,000863
2267,000866
2268,000868
2269,000869
2270,000875
2271,000876
2272,000877
2273,000878
2274,000880
2275,000881
2276,000882
2277,000883
2278,000885
2279,000886
2280,000887
2281,000888
2282,000889
2283,000890
2284,000892
2285,000893
2286,000895
2287,000897
2288,000898
2289,000899
2290,000900
2291,000901
2292,000902
2293,000903
2294,000905
2295,000906
2296,000908
2297,000909
2298,000910
2299,000911
2300,000912
2301,000913
2302,000915
2303,000916
2304,000917
2305,000918
2306,000919
2307,000920
2308,000921
2309,000922
2310,000923
2311,000925
2312,000926
2313,000927
2314,000928
2315,000929
2316,000930
2317,000931
2318,000932
2319,000933
2320,000935
2321,000936
2322,000937
2323,000938
2324,000939
2325,000948
2326,000949
2327,000950
2328,000951
2329,000952
2330,000953
2331,000955
2332,000956
2333,000957
2334,000958
2335,000959
2336,000960
2337,000961
2338,000962
2339,000963
2340,000965
2341,000966
2342,000967
2343,000968
2344,000969
2345,000970
2346,000971
2347,000972
2348,000973
2349,000975
2350,000976
2351,000977
2352,000978
2353,000979
2354,000980
2355,000981
2356,000982
2357,000983
2358,000985
2359,000987
2360,000988
2361,000989
2362,000990
2363,000991
2364,000993
2365,000995
2366,000996
2367,000997
2368,000998
2369,000999
2370,001696
2371,001896
2372,001965
2373,001979
2374,002001
2375,002002
2376,002003
2377,002004
2378,002005
2379,002006
2380,002007
2381,002008
2382,002009
2383,002010
2384,002011
2385,002012
2386,002013
2387,002014
2388,002015
2389,002016
2390,002017
2391,002018
2392,002019
2393,002020
2394,002021
2395,002022
2396,002023
2397,002024
2398,002025
2399,002026
2400,002027
2401,002028
2402,002029
2403,002030
2404,002031
2405,002032
2406,002033
2407,002034
2408,002035
2409,002036
2410,002037
2411,002038
2412,002039
2413,002040
2414,002041
2415,002042
2416,002043
2417,002044
2418,002045
2419,002046
2420,002047
2421,002048
2422,002049
2423,002050
2424,002051
2425,002052
2426,002053
2427,002054
2428,002055
2429,002056
2430,002057
2431,002058
2432,002059
2433,002060
2434,002061
2435,002062
2436,002063
2437,002064
2438,002065
2439,002066
2440,002067
2441,002068
2442,002069
2443,002070
2444,002071
2445,002072
2446,002073
2447,002074
2448,002075
2449,002076
2450,002077
2451,002078
2452,002079
2453,002080
2454,002081
2455,002082
2456,002083
2457,002084
2458,002085
2459,002086
2460,002087
2461,002088
2462,002089
2463,002090
2464,002091
2465,002092
2466,002093
2467,002094
2468,002095
2469,002096
2470,002097
2471,002098
2472,002099
2473,002100
2474,002101
2475,002102
2476,002103
2477,002104
2478,002105
2479,002106
2480,002107
2481,002108
2482,002109
2483,002110
2484,002111
2485,002112
2486,002113
2487,002114
2488,002115
2489,002116
2490,002117
2491,002118
2492,002119
2493,002120
2494,002121
2495,002122
2496,002123
2497,002124
2498,002125
2499,002126
2500,002127
2501,002128
2502,002129
2503,002130
2504,002131
2505,002132
2506,002133
2507,002134
2508,002135
2509,002136
2510,002137
2511,002138
2512,002139
2513,002140
2514,002141
2515,002142
2516,002143
2517,002144
2518,002145
2519,002146
2520,002147
2521,002148
2522,002149
2523,002150
2524,002151
2525,002152
2526,002153
2527,002154
2528,002155
2529,002156
2530,002157
2531,002158
2532,002159
2533,002160
2534,002161
2535,002162
2536,002163
2537,002164
2538,002165
2539,002166
2540,002167
2541,002168
2542,002169
2543,002170
2544,002171
2545,002172
2546,002173
2547,002174
2548,002175
2549,002176
2550,002177
2551,002178
2552,002179
2553,002180
2554,002181
2555,002182
2556,002183
2557,002184
2558,002185
2559,002186
2560,002187
2561,002188
2562,002189
2563,002190
2564,002191
2565,002192
2566,002193
2567,002194
2568,002195
2569,002196
2570,002197
2571,002198
2572,002199
2573,002200
2574,002201
2575,002202
2576,002203
2577,002204
2578,002205
2579,002206
2580,002207
2581,002208
2582,002209
2583,002210
2584,002211
2585,002212
2586,002213
2587,002214
2588,002215
2589,002216
2590,002217
2591,002218
2592,002219
2593,002220
2594,002221
2595,002222
2596,002223
2597,002224
2598,002225
2599,002226
2600,002227
2601,002228
2602,002229
2603,002230
2604,002231
2605,002232
2606,002233
2607,002234
2608,002235
2609,002236
2610,002237
2611,002238
2612,002239
2613,002240
2614,002241
2615,002242
2616,002243
2617,002244
2618,002245
2619,002246
2620,002247
2621,002248
2622,002249
2623,002250
2624,002251
2625,002252
2626,002253
2627,002254
2628,002255
2629,002256
2630,002257
2631,002258
2632,002259
2633,002260
2634,002261
2635,002262
2636,002263
2637,002264
2638,002265
2639,002266
2640,002267
2641,002268
2642,002269
2643,002270
2644,002271
2645,002272
2646,002273
2647,002274
2648,002275
2649,002276
2650,002277
2651,002278
2652,002279
2653,002280
2654,002281
2655,002282
2656,002283
2657,002284
2658,002285
2659,002286
2660,002287
2661,002288
2662,002289
2663,002290
2664,002291
2665,002292
2666,002293
2667,002294
2668,002295
2669,002296
2670,002297
2671,002298
2672,002299
2673,002300
2674,002301
2675,002302
2676,002303
2677,002304
2678,002305
2679,002306
2680,002307
2681,002308
2682,002309
2683,002310
2684,002311
2685,002312
2686,002313
2687,002314
2688,002315
2689,002316
2690,002317
2691,002318
2692,002319
2693,002320
2694,002321
2695,002322
2696,002323
2697,002324
2698,002325
2699,002326
2700,002327
2701,002328
2702,002329
2703,002330
2704,002331
2705,002332
2706,002333
2707,002334
2708,002335
2709,002336
2710,002337
2711,002338
2712,002339
2713,002340
2714,002341
2715,002342
2716,002343
2717,002344
2718,002345
2719,002346
2720,002347
2721,002348
2722,002349
2723,002350
2724,002351
2725,002352
2726,002353
2727,002354
2728,002355
2729,002356
2730,002357
2731,002358
2732,002359
2733,002360
2734,002361
2735,002362
2736,002363
2737,002364
2738,002365
2739,002366
2740,002367
2741,002368
2742,002369
2743,002370
2744,002371
2745,002372
2746,002373
2747,002374
2748,002375
2749,002376
2750,002377
2751,002378
2752,002379
2753,002380
2754,002381
2755,002382
2756,002383
2757,002384
2758,002385
2759,002386
2760,002387
2761,002388
2762,002389
2763,002390
2764,002391
2765,002392
2766,002393
2767,002394
2768,002395
2769,002396
2770,002397
2771,002398
2772,002399
2773,002400
2774,002401
2775,002402
2776,002403
2777,002404
2778,002405
2779,002406
2780,002407
2781,002408
2782,002409
2783,002410
2784,002411
2785,002412
2786,002413
2787,002414
2788,002415
2789,002416
2790,002417
2791,002418
2792,002419
2793,002420
2794,002421
2795,002422
2796,002423
2797,002424
2798,002425
2799,002426
2800,002427
2801,002428
2802,002429
2803,002430
2804,002431
2805,002432
2806,002433
2807,002434
2808,002435
2809,002436
2810,002437
2811,002438
2812,002439
2813,002440
2814,002441
2815,002442
2816,002443
2817,002444
2818,002445
2819,002446
2820,002447
2821,002448
2822,002449
2823,002450
2824,002451
2825,002452
2826,002453
2827,002454
2828,002455
2829,002456
2830,002457
2831,002458
2832,002459
2833,002460
2834,002461
2835,002462
2836,002463
2837,002464
2838,002465
2839,002466
2840,002467
2841,002468
2842,002469
2843,002470
2844,002471
2845,002472
2846,002473
2847,002474
2848,002475
2849,002476
2850,002477
2851,002478
2852,002479
2853,002480
2854,002481
2855,002482
2856,002483
2857,002484
2858,002485
2859,002486
2860,002487
2861,002488
2862,002489
2863,002490
2864,002491
2865,002492
2866,002493
2867,002494
2868,002495
2869,002496
2870,002497
2871,002498
2872,002499
2873,002500
2874,002501
2875,002502
2876,002503
2877,002504
2878,002505
2879,002506
2880,002507
2881,002508
2882,002509
2883,002510
2884,002511
2885,002512
2886,002513
2887,002514
2888,002515
2889,002516
2890,002517
2891,002518
2892,002519
2893,002520
2894,002521
2895,002522
2896,002523
2897,002524
2898,002525
2899,002526
2900,002527
2901,002528
2902,002529
2903,002530
2904,002531
2905,002532
2906,002533
2907,002534
2908,002535
2909,002536
2910,002537
2911,002538
2912,002539
2913,002540
2914,002541
2915,002542
2916,002543
2917,002544
2918,002545
2919,002546
2920,002547
2921,002548
2922,002549
2923,002550
2924,002551
2925,002552
2926,002553
2927,002554
2928,002555
2929,002556
2930,002557
2931,002558
2932,002559
2933,002560
2934,002561
2935,002562
2936,002563
2937,002564
2938,002565
2939,002566
2940,002567
2941,002568
2942,002569
2943,002570
2944,002571
2945,002572
2946,002573
2947,002574
2948,002575
2949,002576
2950,002577
2951,002578
2952,002579
2953,002580
2954,002581
2955,002582
2956,002583
2957,002584
2958,002585
2959,002586
2960,002587
2961,002588
2962,002589
2963,002590
2964,002591
2965,002592
2966,002593
2967,002594
2968,002595
2969,002596
2970,002597
2971,002598
2972,002599
2973,002600
2974,002601
2975,002602
2976,002603
2977,002604
2978,002605
2979,002606
2980,002607
2981,002608
2982,002609
2983,002610
2984,002611
2985,002612
2986,002613
2987,002614
2988,002615
2989,002616
2990,002617
2991,002618
2992,002619
2993,002620
2994,002621
2995,002622
2996,002623
2997,002624
2998,002625
2999,002626
3000,002627
3001,002628
3002,002629
3003,002630
3004,002631
3005,002632
3006,002633
3007,002634
3008,002635
3009,002636
3010,002637
3011,002638
3012,002639
3013,002640
3014,002641
3015,002642
3016,002643
3017,002644
3018,002645
3019,002646
3020,002647
3021,002648
3022,002649
3023,002650
3024,002651
3025,002652
3026,002653
3027,002654
3028,002655
3029,002656
3030,002657
3031,002658
3032,002659
3033,002660
3034,002661
3035,002662
3036,002663
3037,002664
3038,002665
3039,002666
3040,002667
3041,002668
3042,002669
3043,002670
3044,002671
3045,002672
3046,002673
3047,002674
3048,002675
3049,002676
3050,002677
3051,002678
3052,002679
3053,002680
3054,002681
3055,002682
3056,002683
3057,002684
3058,002685
3059,002686
3060,002687
3061,002688
3062,002689
3063,002690
3064,002691
3065,002692
3066,002693
3067,002694
3068,002695
3069,002696
3070,002697
3071,002698
3072,002699
3073,002700
3074,002701
3075,002702
3076,002703
3077,002705
3078,002706
3079,002707
3080,002708
3081,002709
3082,002710
3083,002711
3084,002712
3085,002713
3086,002714
3087,002715
3088,002716
3089,002717
3090,002718
3091,002719
3092,002720
3093,002721
3094,002722
3095,002723
3096,002724
3097,002725
3098,002726
3099,002727
3100,002728
3101,002729
3102,002730
3103,002731
3104,002732
3105,002733
3106,002734
3107,002735
3108,002736
3109,002737
3110,002738
3111,002739
3112,002740
3113,002741
3114,002742
3115,002743
3116,002745
3117,002746
3118,002747
3119,002748
3120,002749
3121,002750
3122,002751
3123,002752
3124,002753
3125,002755
3126,002756
3127,002757
3128,002758
3129,002759
3130,002760
3131,002761
3132,002762
3133,002763
3134,002765
3135,002766
3136,002767
3137,002768
3138,002769
3139,002770
3140,002771
3141,002772
3142,002773
3143,002774
3144,002775
3145,002776
3146,002777
3147,002778
3148,002779
3149,002780
3150,002781
3151,002782
3152,002783
3153,002785
3154,002786
3155,002787
3156,002788
3157,002789
3158,002790
3159,002791
3160,002792
3161,002793
3162,002795
3163,002796
3164,002797
3165,002798
3166,002799
3167,002800
3168,002801
3169,002802
3170,002803
3171,002805
3172,002806
3173,002807
3174,002808
3175,002809
3176,002810
3177,002811
3178,002812
3179,002813
3180,002815
3181,002816
3182,002817
3183,002818
3184,002819
3185,002820
3186,002821
3187,002822
3188,002823
3189,002824
3190,002825
3191,002826
3192,002827
3193,002828
3194,002829
3195,002830
3196,002831
3197,002832
3198,002833
3199,002835
3200,002836
3201,002837
3202,002838
3203,002839
3204,002840
3205,002841
3206,002842
3207,002843
3208,002845
3209,002846
3210,002847
3211,002848
3212,002849
3213,002850
3214,002851
3215,002852
3216,002853
3217,002855
3218,002856
3219,002857
3220,002858
3221,002859
3222,002860
3223,002861
3224,002862
3225,002863
3226,002864
3227,002865
3228,002866
3229,002867
3230,002868
3231,002869
3232,002870
3233,002871
3234,002872
3235,002873
3236,002875
3237,002876
3238,002877
3239,002878
3240,002879
3241,002880
3242,002881
3243,002882
3244,002883
3245,002884
3246,002885
3247,002886
3248,002887
3249,002888
3250,002889
3251,002890
3252,002891
3253,002892
3254,002893
3255,002895
3256,002896
3257,002897
3258,002898
3259,002899
3260,002900
3261,002901
3262,002902
3263,002903
3264,002905
3265,002906
3266,002907
3267,002908
3268,002909
3269,002910
3270,002911
3271,002912
3272,002913
3273,002915
3274,002916
3275,002917
3276,002918
3277,002919
3278,002920
3279,002921
3280,002922
3281,002923
3282,002925
3283,002926
3284,002927
3285,002928
3286,002929
3287,002930
3288,002931
3289,002932
3290,002933
3291,002935
3292,031005
3293,031007
3294,038011
3295,038014
3296,038015
3297,038016
3298,038017
3299,131800
3300,131801
3301,131802
3302,131803
3303,131805
3304,131806
3305,131809
3306,131810
3307,131811
3308,131900
3309,131901
3310,131910
3311,131911
3312,150001
3313,150002
3314,150003
3315,150006
3316,150007
3317,150008
3318,150009
3319,150010
3320,150011
3321,150012
3322,150013
3323,150016
3324,150017
3325,150018
3326,150019
3327,150020
3328,150021
3329,150022
3330,150023
3331,150025
3332,150026
3333,150027
3334,150028
3335,150029
3336,150030
3337,150031
3338,150032
3339,150033
3340,150034
3341,150035
3342,150036
3343,150037
3344,150038
3345,150039
3346,150040
3347,150041
3348,150042
3349,150043
3350,150044
3351,150045
3352,150046
3353,150047
3354,150048
3355,150049
3356,150050
3357,150051
3358,150052
3359,150053
3360,150054
3361,150055
3362,150056
3363,150057
3364,150058
3365,150059
3366,150060
3367,150061
3368,150062
3369,150063
3370,150064
3371,150065
3372,150066
3373,150067
3374,150068
3375,150069
3376,150070
3377,150071
3378,150072
3379,150073
3380,150075
3381,150076
3382,150077
3383,150078
3384,150079
3385,150080
3386,150081
3387,150082
3388,150083
3389,150084
3390,150085
3391,150086
3392,150087
3393,150088
3394,150089
3395,150090
3396,150091
3397,150092
3398,150093
3399,150094
3400,150095
3401,150096
3402,150097
3403,150098
3404,150099
3405,150100
3406,150101
3407,150102
3408,150104
3409,150105
3410,150106
3411,150107
3412,150108
3413,150109
3414,150110
3415,150111
3416,150112
3417,150113
3418,150114
3419,150115
3420,150117
3421,150118
3422,150120
3423,150121
3424,150122
3425,150123
3426,150124
3427,150127
3428,150128
3429,150129
3430,150130
3431,150131
3432,150132
3433,150133
3434,150134
3435,150135
3436,150136
3437,150137
3438,150138
3439,150139
3440,150140
3441,150141
3442,150142
3443,150143
3444,150144
3445,150145
3446,150146
3447,150147
3448,150148
3449,150149
3450,150150
3451,150151
3452,150152
3453,150153
3454,150154
3455,150156
3456,150157
3457,150158
3458,150160
3459,150161
3460,150164
3461,150165
3462,150167
3463,150168
3464,150169
3465,150170
3466,150171
3467,150172
3468,150173
3469,150174
3470,150175
3471,150176
3472,150177
3473,150178
3474,150179
3475,150180
3476,150181
3477,150182
3478,150184
3479,150185
3480,150186
3481,150187
3482,150188
3483,150189
3484,150190
3485,150191
3486,150192
3487,150193
3488,150194
3489,150195
3490,150196
3491,150197
3492,150198
3493,150199
3494,150200
3495,150201
3496,150203
3497,150204
3498,150205
3499,150206
3500,150207
3501,150208
3502,150209
3503,150210
3504,150211
3505,150212
3506,150213
3507,150214
3508,150215
3509,150216
3510,150217
3511,150218
3512,150219
3513,150220
3514,150221
3515,150222
3516,150223
3517,150224
3518,150225
3519,150226
3520,150227
3521,150228
3522,150229
3523,150230
3524,150231
3525,150232
3526,150233
3527,150234
3528,150235
3529,150236
3530,150237
3531,150238
3532,150241
3533,150242
3534,150243
3535,150244
3536,150245
3537,150246
3538,150247
3539,150248
3540,150249
3541,150250
3542,150251
3543,150252
3544,150255
3545,150256
3546,150257
3547,150258
3548,150259
3549,150260
3550,150261
3551,150262
3552,150263
3553,150264
3554,150265
3555,150266
3556,150267
3557,150268
3558,150269
3559,150270
3560,150271
3561,150272
3562,150273
3563,150274
3564,150275
3565,150276
3566,150277
3567,150278
3568,150279
3569,150280
3570,150281
3571,150282
3572,150283
3573,150284
3574,150287
3575,150288
3576,150289
3577,150290
3578,150291
3579,150292
3580,150293
3581,150294
3582,150295
3583,150296
3584,150297
3585,150298
3586,150299
3587,150300
3588,150301
3589,150302
3590,150303
3591,150304
3592,150305
3593,150306
3594,150307
3595,150308
3596,150309
3597,150310
3598,150311
3599,150312
3600,150315
3601,150316
3602,150317
3603,150318
3604,150321
3605,150322
3606,150323
3607,150324
3608,150325
3609,150326
3610,150327
3611,150328
3612,150329
3613,150330
3614,150331
3615,150332
3616,150335
3617,150336
3618,150343
3619,150344
3620,159001
3621,159003
3622,159005
3623,159901
3624,159902
3625,159903
3626,159905
3627,159906
3628,159907
3629,159908
3630,159909
3631,159910
3632,159911
3633,159912
3634,159913
3635,159915
3636,159916
3637,159917
3638,159918
3639,159919
3640,159920
3641,159921
3642,159922
3643,159923
3644,159924
3645,159925
3646,159926
3647,159927
3648,159928
3649,159929
3650,159930
3651,159931
3652,159932
3653,159933
3654,159934
3655,159935
3656,159936
3657,159937
3658,159938
3659,159939
3660,159940
3661,159941
3662,159942
3663,159943
3664,159944
3665,159945
3666,159946
3667,159948
3668,159949
3669,159950
3670,159951
3671,159952
3672,159953
3673,159954
3674,159955
3675,159956
3676,159957
3677,159958
3678,160105
3679,160106
3680,160119
3681,160123
3682,160125
3683,160128
3684,160130
3685,160131
3686,160133
3687,160138
3688,160140
3689,160211
3690,160212
3691,160215
3692,160216
3693,160220
3694,160223
3695,160225
3696,160311
3697,160314
3698,160322
3699,160323
3700,160324
3701,160415
3702,160416
3703,160421
3704,160422
3705,160505
3706,160512
3707,160513
3708,160515
3709,160518
3710,160519
3711,160520
3712,160522
3713,160607
3714,160610
3715,160611
3716,160613
3717,160615
3718,160616
3719,160617
3720,160618
3721,160621
3722,160622
3723,160635
3724,160642
3725,160643
3726,160644
3727,160706
3728,160716
3729,160717
3730,160719
3731,160720
3732,160722
3733,160723
3734,160805
3735,160806
3736,160807
3737,160809
3738,160810
3739,160812
3740,160813
3741,160910
3742,160915
3743,160916
3744,160918
3745,160919
3746,160921
3747,160922
3748,160924
3749,161005
3750,161010
3751,161014
3752,161015
3753,161017
3754,161019
3755,161033
3756,161035
3757,161036
3758,161037
3759,161038
3760,161039
3761,161115
3762,161116
3763,161117
3764,161119
3765,161124
3766,161125
3767,161126
3768,161127
3769,161128
3770,161129
3771,161130
3772,161210
3773,161211
3774,161213
3775,161216
3776,161217
3777,161219
3778,161222
3779,161224
3780,161225
3781,161226
3782,161227
3783,161229
3784,161230
3785,161232
3786,161233
3787,161505
3788,161607
3789,161610
3790,161614
3791,161626
3792,161630
3793,161631
3794,161706
3795,161713
3796,161714
3797,161715
3798,161716
3799,161722
3800,161727
3801,161810
3802,161811
3803,161813
3804,161815
3805,161820
3806,161821
3807,161823
3808,161831
3809,161834
3810,161835
3811,161903
3812,161907
3813,161908
3814,161911
3815,162006
3816,162105
3817,162108
3818,162207
3819,162215
3820,162307
3821,162308
3822,162411
3823,162414
3824,162415
3825,162416
3826,162510
3827,162605
3828,162607
3829,162703
3830,162711
3831,162712
3832,162715
3833,162717
3834,162718
3835,162719
3836,163001
3837,163003
3838,163005
3839,163110
3840,163111
3841,163112
3842,163119
3843,163208
3844,163210
3845,163302
3846,163402
3847,163407
3848,163409
3849,163412
3850,163415
3851,163417
3852,163503
3853,163801
3854,163819
3855,163821
3856,163824
3857,163827
3858,163907
3859,164105
3860,164205
3861,164206
3862,164208
3863,164210
3864,164302
3865,164403
3866,164509
3867,164606
3868,164701
3869,164702
3870,164703
3871,164705
3872,164808
3873,164810
3874,164812
3875,164814
3876,164815
3877,164823
3878,164824
3879,164902
3880,164906
3881,165309
3882,165311
3883,165313
3884,165317
3885,165508
3886,165509
3887,165510
3888,165512
3889,165513
3890,165516
3891,165517
3892,165525
3893,165528
3894,165705
3895,165806
3896,165807
3897,166001
3898,166006
3899,166007
3900,166008
3901,166009
3902,166011
3903,166012
3904,166016
3905,166023
3906,166024
3907,166105
3908,166401
3909,166402
3910,166902
3911,166904
3912,167001
3913,167002
3914,167003
3915,167501
3916,167901
3917,168002
3918,168101
3919,168102
3920,168103
3921,168104
3922,168105
3923,168106
3924,168108
3925,168301
3926,168401
3927,169101
3928,169102
3929,169103
3930,169104
3931,169105
3932,169106
3933,169201
3934,184688
3935,184689
3936,184690
3937,184691
3938,184692
3939,184693
3940,184695
3941,184696
3942,184698
3943,184699
3944,184700
3945,184701
3946,184702
3947,184703
3948,184705
3949,184706
3950,184708
3951,184709
3952,184710
3953,184711
3954,184712
3955,184713
3956,184718
3957,184719
3958,184720
3959,184721
3960,184722
3961,184728
3962,184738
3963,184801
3964,200002
3965,200003
3966,200011
3967,200012
3968,200013
3969,200015
3970,200016
3971,200017
3972,200018
3973,200019
3974,200020
3975,200022
3976,200024
3977,200025
3978,200026
3979,200028
3980,200029
3981,200030
3982,200037
3983,200039
3984,200041
3985,200045
3986,200053
3987,200054
3988,200055
3989,200056
3990,200057
3991,200058
3992,200152
3993,200160
3994,200168
3995,200413
3996,200418
3997,200429
3998,200468
3999,200488
4000,200505
4001,200512
4002,200513
4003,200521
4004,200530
4005,200539
4006,200541
4007,200550
4008,200553
4009,200570
4010,200581
4011,200596
4012,200613
4013,200625
4014,200706
4015,200725
4016,200726
4017,200761
4018,200770
4019,200771
4020,200869
4021,200986
4022,200992
4023,300001
4024,300002
4025,300003
4026,300004
4027,300005
4028,300006
4029,300007
4030,300008
4031,300009
4032,300010
4033,300011
4034,300012
4035,300013
4036,300014
4037,300015
4038,300016
4039,300017
4040,300018
4041,300019
4042,300020
4043,300021
4044,300022
4045,300023
4046,300024
4047,300025
4048,300026
4049,300027
4050,300028
4051,300029
4052,300030
4053,300031
4054,300032
4055,300033
4056,300034
4057,300035
4058,300036
4059,300037
4060,300038
4061,300039
4062,300040
4063,300041
4064,300042
4065,300043
4066,300044
4067,300045
4068,300046
4069,300047
4070,300048
4071,300049
4072,300050
4073,300051
4074,300052
4075,300053
4076,300054
4077,300055
4078,300056
4079,300057
4080,300058
4081,300059
4082,300061
4083,300062
4084,300063
4085,300064
4086,300065
4087,300066
4088,300067
4089,300068
4090,300069
4091,300070
4092,300071
4093,300072
4094,300073
4095,300074
4096,300075
4097,300076
4098,300077
4099,300078
4100,300079
4101,300080
4102,300081
4103,300082
4104,300083
4105,300084
4106,300085
4107,300086
4108,300087
4109,300088
4110,300089
4111,300090
4112,300091
4113,300092
4114,300093
4115,300094
4116,300095
4117,300096
4118,300097
4119,300098
4120,300099
4121,300100
4122,300101
4123,300102
4124,300103
4125,300104
4126,300105
4127,300106
4128,300107
4129,300108
4130,300109
4131,300110
4132,300111
4133,300112
4134,300113
4135,300114
4136,300115
4137,300116
4138,300117
4139,300118
4140,300119
4141,300120
4142,300121
4143,300122
4144,300123
4145,300124
4146,300125
4147,300126
4148,300127
4149,300128
4150,300129
4151,300130
4152,300131
4153,300132
4154,300133
4155,300134
4156,300135
4157,300136
4158,300137
4159,300138
4160,300139
4161,300140
4162,300141
4163,300142
4164,300143
4165,300144
4166,300145
4167,300146
4168,300147
4169,300148
4170,300149
4171,300150
4172,300151
4173,300152
4174,300153
4175,300154
4176,300155
4177,300156
4178,300157
4179,300158
4180,300159
4181,300160
4182,300161
4183,300162
4184,300163
4185,300164
4186,300165
4187,300166
4188,300167
4189,300168
4190,300169
4191,300170
4192,300171
4193,300172
4194,300173
4195,300174
4196,300175
4197,300176
4198,300177
4199,300178
4200,300179
4201,300180
4202,300181
4203,300182
4204,300183
4205,300184
4206,300185
4207,300186
4208,300187
4209,300188
4210,300189
4211,300190
4212,300191
4213,300192
4214,300193
4215,300194
4216,300195
4217,300196
4218,300197
4219,300198
4220,300199
4221,300200
4222,300201
4223,300202
4224,300203
4225,300204
4226,300205
4227,300206
4228,300207
4229,300208
4230,300209
4231,300210
4232,300211
4233,300212
4234,300213
4235,300214
4236,300215
4237,300216
4238,300217
4239,300218
4240,300219
4241,300220
4242,300221
4243,300222
4244,300223
4245,300224
4246,300225
4247,300226
4248,300227
4249,300228
4250,300229
4251,300230
4252,300231
4253,300232
4254,300233
4255,300234
4256,300235
4257,300236
4258,300237
4259,300238
4260,300239
4261,300240
4262,300241
4263,300242
4264,300243
4265,300244
4266,300245
4267,300246
4268,300247
4269,300248
4270,300249
4271,300250
4272,300251
4273,300252
4274,300253
4275,300254
4276,300255
4277,300256
4278,300257
4279,300258
4280,300259
4281,300260
4282,300261
4283,300262
4284,300263
4285,300264
4286,300265
4287,300266
4288,300267
4289,300268
4290,300269
4291,300270
4292,300271
4293,300272
4294,300273
4295,300274
4296,300275
4297,300276
4298,300277
4299,300278
4300,300279
4301,300280
4302,300281
4303,300282
4304,300283
4305,300284
4306,300285
4307,300286
4308,300287
4309,300288
4310,300289
4311,300290
4312,300291
4313,300292
4314,300293
4315,300294
4316,300295
4317,300296
4318,300297
4319,300298
4320,300299
4321,300300
4322,300301
4323,300302
4324,300303
4325,300304
4326,300305
4327,300306
4328,300307
4329,300308
4330,300309
4331,300310
4332,300311
4333,300312
4334,300313
4335,300314
4336,300315
4337,300316
4338,300317
4339,300318
4340,300319
4341,300320
4342,300321
4343,300322
4344,300323
4345,300324
4346,300325
4347,300326
4348,300327
4349,300328
4350,300329
4351,300330
4352,300331
4353,300332
4354,300333
4355,300334
4356,300335
4357,300336
4358,300337
4359,300338
4360,300339
4361,300340
4362,300341
4363,300342
4364,300343
4365,300344
4366,300345
4367,300346
4368,300347
4369,300348
4370,300349
4371,300350
4372,300351
4373,300352
4374,300353
4375,300354
4376,300355
4377,300356
4378,300357
4379,300358
4380,300359
4381,300360
4382,300361
4383,300362
4384,300363
4385,300364
4386,300365
4387,300366
4388,300367
4389,300368
4390,300369
4391,300370
4392,300371
4393,300372
4394,300373
4395,300374
4396,300375
4397,300376
4398,300377
4399,300378
4400,300379
4401,300380
4402,300381
4403,300382
4404,300383
4405,300384
4406,300385
4407,300386
4408,300387
4409,300388
4410,300389
4411,300390
4412,300391
4413,300392
4414,300393
4415,300394
4416,300395
4417,300396
4418,300397
4419,300398
4420,300399
4421,300400
4422,300401
4423,300402
4424,300403
4425,300404
4426,300405
4427,300406
4428,300407
4429,300408
4430,300409
4431,300410
4432,300411
4433,300412
4434,300413
4435,300414
4436,300415
4437,300416
4438,300417
4439,300418
4440,300419
4441,300420
4442,300421
4443,300422
4444,300423
4445,300424
4446,300425
4447,300426
4448,300427
4449,300428
4450,300429
4451,300430
4452,300431
4453,300432
4454,300433
4455,300434
4456,300435
4457,300436
4458,300437
4459,300438
4460,300439
4461,300440
4462,300441
4463,300442
4464,300443
4465,300444
4466,300445
4467,300446
4468,300447
4469,300448
4470,300449
4471,300450
4472,300451
4473,300452
4474,300453
4475,300454
4476,300455
4477,300456
4478,300457
4479,300458
4480,300459
4481,300460
4482,300461
4483,300462
4484,300463
4485,300464
4486,300465
4487,300466
4488,300467
4489,300468
4490,300469
4491,300470
4492,300471
4493,300472
4494,300473
4495,300474
4496,300475
4497,300476
4498,300477
4499,300478
4500,300479
4501,300480
4502,300481
4503,300482
4504,300483
4505,300484
4506,300485
4507,300486
4508,300487
4509,300488
4510,300489
4511,300490
4512,300491
4513,300492
4514,300493
4515,300494
4516,300495
4517,300496
4518,300497
4519,300498
4520,300499
4521,300500
4522,300501
4523,300502
4524,300503
4525,300504
4526,300505
4527,300506
4528,300507
4529,300508
4530,300509
4531,300510
4532,300511
4533,300512
4534,300513
4535,300514
4536,300515
4537,300516
4538,300517
4539,300518
4540,300519
4541,300520
4542,300521
4543,300522
4544,300523
4545,300525
4546,300526
4547,300527
4548,300528
4549,300529
4550,300530
4551,300531
4552,300532
4553,300533
4554,300534
4555,300535
4556,300536
4557,300537
4558,300538
4559,300539
4560,300540
4561,300541
4562,300542
4563,300543
4564,300545
4565,300546
4566,300547
4567,300548
4568,300549
4569,300550
4570,300551
4571,300552
4572,300553
4573,300554
4574,300555
4575,300556
4576,300557
4577,300558
4578,300559
4579,300560
4580,300561
4581,300562
4582,300563
4583,300565
4584,300566
4585,300567
4586,300568
4587,300569
4588,300570
4589,300571
4590,300572
4591,300573
4592,300575
4593,300576
4594,300577
4595,300578
4596,300579
4597,300580
4598,300581
4599,300582
4600,300583
4601,300584
4602,300585
4603,300586
4604,300587
4605,300588
4606,300589
4607,300590
4608,300591
4609,300592
4610,300593
4611,300595
4612,300596
4613,300597
4614,300598
4615,300599
4616,300600
4617,300601
4618,300602
4619,300603
4620,300604
4621,300605
4622,300606
4623,300607
4624,300608
4625,300609
4626,300610
4627,300611
4628,300612
4629,300613
4630,300615
4631,300616
4632,300617
4633,300618
4634,300619
4635,300620
4636,300621
4637,300622
4638,300623
4639,300624
4640,300625
4641,300626
4642,300627
4643,300628
4644,300629
4645,300630
4646,300631
4647,300632
4648,300633
4649,300634
4650,300635
4651,300636
4652,300637
4653,300638
4654,300639
4655,300640
4656,300641
4657,300642
4658,300643
4659,300644
4660,300645
4661,300646
4662,300647
4663,300648
4664,300649
4665,300650
4666,300651
4667,300652
4668,300653
4669,300654
4670,300655
4671,300656
4672,300657
4673,300658
4674,300659
4675,300660
4676,300661
4677,300662
4678,300663
4679,300664
4680,300665
4681,300666
4682,300667
4683,300668
4684,300669
4685,300670
4686,300671
4687,300672
4688,300673
4689,300675
4690,300676
4691,300677
4692,300678
4693,300679
4694,300680
4695,300681
4696,300682
4697,300683
4698,300684
4699,300685
4700,300686
4701,300687
4702,300688
4703,300689
4704,300690
4705,300691
4706,300692
4707,300693
4708,300695
4709,300696
4710,300697
4711,300698
4712,300699
4713,300700
4714,300701
4715,300702
4716,300703
4717,300705
4718,300706
4719,300707
4720,300708
4721,300709
4722,300710
4723,300711
4724,300712
4725,300713
4726,300715
4727,300716
4728,300717
4729,300718
4730,300719
4731,300720
4732,300721
4733,300722
4734,300723
4735,300724
4736,300725
4737,300726
4738,300727
4739,300728
4740,300729
4741,300730
4742,300731
4743,300732
4744,300733
4745,300735
4746,300736
4747,300737
4748,300738
4749,300739
4750,300740
4751,300741
4752,300742
4753,300743
4754,300745
4755,300746
4756,300747
4757,300750
